{
    "train": {
        "loss": [
            0.6113938689231873,
            0.537551594277223,
            0.5202238516261181,
            0.5064684866617123,
            0.49954173651834327,
            0.4924892658988635,
            0.4886696270356576,
            0.4789137262851,
            0.4763687575856845,
            0.4654289912432432,
            0.4634266837189595,
            0.4592217616736889,
            0.452730776121219,
            0.44953624717891216,
            0.445815231030186,
            0.442569887265563,
            0.43468863765398663,
            0.43130264803767204,
            0.4260376424839099
        ],
        "tot_time": 1.9897918701171875,
        "avg_step_time": 0.002181789331268846,
        "avg_epoch_time": 0.10472588790090462
    },
    "val": {
        "metric_name": "accuracy",
        "metric": [
            0.7159740754860846,
            0.7472359893252002,
            0.7487609607319863,
            0.7563858177659168,
            0.7468547464735036,
            0.7521921463972551,
            0.7563858177659168,
            0.7472359893252002,
            0.7590545177277926,
            0.7544796035074343,
            0.7563858177659168,
            0.758673274876096,
            0.7540983606557377,
            0.7518109035455586,
            0.7556233320625239,
            0.7563858177659168,
            0.7491422035836828,
            0.7525733892489516,
            0.7525733892489516
        ],
        "best_metric": 0.7590545177277926,
        "best_metrics": [
            0.7159740754860846,
            0.7472359893252002,
            0.7487609607319863,
            0.7563858177659168,
            0.7590545177277926
        ],
        "test_metrics": [
            0.7144491040792985,
            0.7338924895158215,
            0.7487609607319863,
            0.7441860465116279,
            0.7552420892108272
        ],
        "log_loss": [
            0.5461388266956982,
            0.5227234190538252,
            0.5128271151855467,
            0.5004240998835695,
            0.5076438509409006,
            0.5009343740477512,
            0.49813534493963835,
            0.508710990132844,
            0.4928077510078703,
            0.5050243372811879,
            0.503237613591813,
            0.49972431672450207,
            0.4995323960310613,
            0.5061023759229482,
            0.5124520794963134,
            0.5058389706747622,
            0.518847371387534,
            0.5248584209785268,
            0.5146279315346797
        ],
        "best_log_loss": 0.4928077510078703,
        "best_epoch": 9,
        "best_step": 432,
        "best_epochs": [
            1,
            2,
            3,
            4,
            9
        ],
        "best_steps": [
            48,
            96,
            144,
            192,
            432
        ],
        "tot_time": 0.11833357810974121,
        "avg_step_time": 0.00012975173038348817,
        "avg_epoch_time": 0.006228083058407432
    },
    "device": 