{
    "train": {
        "loss": [
            0.5863838270306587,
            0.534374705205361,
            0.5173896880199512,
            0.50706478767097,
            0.4980554437885682,
            0.4892974936713775,
            0.4782215648641189,
            0.47606872394680977,
            0.4729568598171075,
            0.46129240343968075,
            0.45781607491274673,
            0.4447678153713544,
            0.4372416411836942,
            0.4280519944926103,
            0.4178091666350762,
            0.411931237205863,
            0.4022022833426793,
            0.3939284508426984,
            0.38314390803376835,
            0.3699120084444682,
            0.3564376011490822
        ],
        "tot_time": 3.688706874847412,
        "avg_step_time": 0.003659431423459734,
        "avg_epoch_time": 0.17565270832606725
    },
    "val": {
        "metric_name": "accuracy",
        "metric": [
            0.7323675181090354,
            0.7426610751048418,
            0.7510484178421655,
            0.751429660693862,
            0.7567670606176135,
            0.7502859321387724,
            0.7495234464353794,
            0.7548608463591308,
            0.7445672893633244,
            0.7274113610369806,
            0.7590545177277926,
            0.7510484178421655,
            0.751429660693862,
            0.7533358749523447,
            0.7453297750667175,
            0.7560045749142204,
            0.744948532215021,
            0.7388486465878765,
            0.7487609607319863,
            0.7411361036980557,
            0.7472359893252002
        ],
        "best_metric": 0.7590545177277926,
        "best_metrics": [
            0.7323675181090354,
            0.7426610751048418,
            0.7510484178421655,
            0.751429660693862,
            0.7567670606176135,
            0.7590545177277926
        ],
        "test_metrics": [
            0.7357987037743042,
            0.7476172321768967,
            0.751429660693862,
            0.7468547464735036,
            0.7567670606176135,
            0.7548608463591308
        ],
        "log_loss": [
            0.5281376395313775,
            0.5178587119419827,
            0.5119206432846798,
            0.5192660922325868,
            0.5017619069343952,
            0.5142244905399008,
            0.5242609209852743,
            0.5145257108874448,
            0.5256710714743713,
            0.5638420542747096,
            0.5230001388499027,
            0.5234345701996336,
            0.5308640353016086,
            0.5302068037893707,
            0.5385538070314879,
            0.5571448740048422,
            0.5838774482753675,
            0.5672822436680929,
            0.5771586312032226,
            0.5827710691959833,
            0.5937342688781947
        ],
        "best_log_loss": 0.5017619069343952,
        "best_epoch": 11,
        "best_step": 528,
        "best_epochs": [
            1,
            2,
            3,
            4,
            5,
            11
        ],
        "best_steps": [
            48,
            96,
            144,
            192,
            240,
            528
        ],
        "tot_time": 0.22831153869628906,
        "avg_step_time": 0.00022649954235742963,
        "avg_epoch_time": 0.010871978033156622
    },
    "device": "cuda"
}